"","x"
"1","SPAC1002.02"
"2","SPAC1002.03c"
"3","SPAC1002.04c"
"4","SPAC1002.07c"
"5","SPAC1002.09c"
"6","SPAC1002.10c"
"7","SPAC1002.11"
"8","SPAC1002.12c"
"9","SPAC1002.13c"
"10","SPAC1002.17c"
"11","SPAC1002.18"
"12","SPAC1006.07"
"13","SPAC1006.09"
"14","SPAC1039.02"
"15","SPAC1039.06"
"16","SPAC105.02c"
"17","SPAC1071.02"
"18","SPAC1071.05"
"19","SPAC1071.06"
"20","SPAC1071.07c"
"21","SPAC1071.08"
"22","SPAC1071.10c"
"23","SPAC1093.02"
"24","SPAC1093.05"
"25","SPAC10F6.01c"
"26","SPAC10F6.02c"
"27","SPAC10F6.03c"
"28","SPAC10F6.06"
"29","SPAC10F6.08c"
"30","SPAC10F6.10"
"31","SPAC10F6.13c"
"32","SPAC10F6.16"
"33","SPAC10F6.17c"
"34","SPAC110.03"
"35","SPAC110.04c"
"36","SPAC1142.01"
"37","SPAC1142.02c"
"38","SPAC1142.04"
"39","SPAC1142.06"
"40","SPAC1142.07c"
"41","SPAC11D3.02c"
"42","SPAC11D3.04c"
"43","SPAC11D3.14c"
"44","SPAC11D3.15"
"45","SPAC11D3.18c"
"46","SPAC11E3.03"
"47","SPAC11E3.04c"
"48","SPAC11E3.07"
"49","SPAC11E3.13c"
"50","SPAC11E3.14"
"51","SPAC11E3.15"
"52","SPAC11G7.01"
"53","SPAC11G7.02"
"54","SPAC11G7.03"
"55","SPAC11G7.04"
"56","SPAC11H11.06"
"57","SPAC1250.01"
"58","SPAC1250.03"
"59","SPAC1296.01c"
"60","SPAC1296.02"
"61","SPAC12B10.02c"
"62","SPAC12B10.06c"
"63","SPAC12B10.07"
"64","SPAC12B10.09"
"65","SPAC12B10.16c"
"66","SPAC12G12.03"
"67","SPAC12G12.04"
"68","SPAC12G12.05c"
"69","SPAC12G12.06c"
"70","SPAC12G12.07c"
"71","SPAC12G12.09"
"72","SPAC12G12.12"
"73","SPAC12G12.15"
"74","SPAC139.01c"
"75","SPAC139.02c"
"76","SPAC13A11.01c"
"77","SPAC13A11.02c"
"78","SPAC13A11.05"
"79","SPAC13C5.01c"
"80","SPAC13C5.04"
"81","SPAC13C5.05c"
"82","SPAC13D6.02c"
"83","SPAC13D6.03c"
"84","SPAC13D6.04c"
"85","SPAC13D6.05"
"86","SPAC13F5.03c"
"87","SPAC13F5.04c"
"88","SPAC13F5.06c"
"89","SPAC13G6.02c"
"90","SPAC13G6.03"
"91","SPAC13G6.04"
"92","SPAC13G6.06c"
"93","SPAC13G6.07c"
"94","SPAC13G6.09"
"95","SPAC13G6.10c"
"96","SPAC13G6.11c"
"97","SPAC13G6.14"
"98","SPAC13G7.01c"
"99","SPAC13G7.02c"
"100","SPAC13G7.06"
"101","SPAC13G7.08c"
"102","SPAC13G7.12c"
"103","SPAC13G7.13c"
"104","SPAC140.01"
"105","SPAC140.02"
"106","SPAC1420.02c"
"107","SPAC144.02"
"108","SPAC144.04c"
"109","SPAC144.06"
"110","SPAC144.08"
"111","SPAC144.12"
"112","SPAC144.17c"
"113","SPAC1486.01"
"114","SPAC1486.04c"
"115","SPAC1486.05"
"116","SPAC1486.06"
"117","SPAC1486.07c"
"118","SPAC1486.08"
"119","SPAC1486.09"
"120","SPAC1486.11"
"121","SPAC14C4.06c"
"122","SPAC14C4.11"
"123","SPAC14C4.14"
"124","SPAC1527.02"
"125","SPAC1527.03"
"126","SPAC1556.01c"
"127","SPAC1556.07"
"128","SPAC1556.08c"
"129","SPAC1565.01"
"130","SPAC1565.05"
"131","SPAC1565.06c"
"132","SPAC1565.08"
"133","SPAC15A10.01"
"134","SPAC15A10.04c"
"135","SPAC15A10.07"
"136","SPAC15A10.08"
"137","SPAC15A10.11"
"138","SPAC15A10.12c"
"139","SPAC15A10.13"
"140","SPAC15A10.16"
"141","SPAC15E1.03"
"142","SPAC15E1.04"
"143","SPAC15E1.05c"
"144","SPAC15E1.08"
"145","SPAC15F9.02"
"146","SPAC15F9.03c"
"147","SPAC16.02c"
"148","SPAC16.03c"
"149","SPAC16.04"
"150","SPAC1610.02c"
"151","SPAC1635.01"
"152","SPAC167.02"
"153","SPAC167.03c"
"154","SPAC167.05"
"155","SPAC167.06c"
"156","SPAC1687.01"
"157","SPAC1687.03c"
"158","SPAC1687.06c"
"159","SPAC1687.11"
"160","SPAC1687.12c"
"161","SPAC1687.15"
"162","SPAC1687.19c"
"163","SPAC1687.21"
"164","SPAC1687.22c"
"165","SPAC16A10.02"
"166","SPAC16A10.04"
"167","SPAC16C9.02c"
"168","SPAC16C9.03"
"169","SPAC16C9.04c"
"170","SPAC16C9.06c"
"171","SPAC16E8.01"
"172","SPAC16E8.04c"
"173","SPAC16E8.06c"
"174","SPAC16E8.07c"
"175","SPAC16E8.11c"
"176","SPAC16E8.14c"
"177","SPAC16E8.15"
"178","SPAC16E8.16"
"179","SPAC16E8.17c"
"180","SPAC1705.02"
"181","SPAC1705.03c"
"182","SPAC1751.03"
"183","SPAC1782.01"
"184","SPAC1782.05"
"185","SPAC1782.06c"
"186","SPAC1782.07"
"187","SPAC1782.09c"
"188","SPAC1782.10c"
"189","SPAC1782.11"
"190","SPAC1783.05"
"191","SPAC1783.08c"
"192","SPAC1786.01c"
"193","SPAC1786.02"
"194","SPAC17A2.01"
"195","SPAC17A2.02c"
"196","SPAC17A2.03c"
"197","SPAC17A2.04c"
"198","SPAC17A2.05"
"199","SPAC17A2.09c"
"200","SPAC17A2.13c"
"201","SPAC17A5.08"
"202","SPAC17A5.09c"
"203","SPAC17A5.13"
"204","SPAC17A5.14"
"205","SPAC17A5.15c"
"206","SPAC17A5.16"
"207","SPAC17C9.03"
"208","SPAC17C9.05c"
"209","SPAC17C9.06"
"210","SPAC17C9.07"
"211","SPAC17C9.08"
"212","SPAC17C9.09c"
"213","SPAC17C9.12"
"214","SPAC17C9.14"
"215","SPAC17D4.03c"
"216","SPAC17D4.04"
"217","SPAC17G6.05c"
"218","SPAC17G6.06"
"219","SPAC17G6.09"
"220","SPAC17G6.10"
"221","SPAC17G6.11c"
"222","SPAC17G6.13"
"223","SPAC17G6.14c"
"224","SPAC17G6.15c"
"225","SPAC17G6.16c"
"226","SPAC17G8.01c"
"227","SPAC17G8.02"
"228","SPAC17G8.03c"
"229","SPAC17G8.04c"
"230","SPAC17G8.05"
"231","SPAC17G8.06c"
"232","SPAC17G8.08c"
"233","SPAC17G8.14c"
"234","SPAC17H9.04c"
"235","SPAC17H9.05"
"236","SPAC17H9.07"
"237","SPAC17H9.09c"
"238","SPAC17H9.11"
"239","SPAC17H9.12c"
"240","SPAC17H9.13c"
"241","SPAC17H9.16"
"242","SPAC1805.02c"
"243","SPAC1805.04"
"244","SPAC1805.05"
"245","SPAC1805.06c"
"246","SPAC1805.08"
"247","SPAC1805.11c"
"248","SPAC1805.13"
"249","SPAC1805.16c"
"250","SPAC1805.17"
"251","SPAC1805.18"
"252","SPAC1834.01"
"253","SPAC1834.02"
"254","SPAC1834.05"
"255","SPAC1834.06c"
"256","SPAC1834.11c"
"257","SPAC1851.02"
"258","SPAC1851.03"
"259","SPAC186.08c"
"260","SPAC18B11.04"
"261","SPAC18B11.06"
"262","SPAC18B11.10"
"263","SPAC18B11.11"
"264","SPAC18G6.01c"
"265","SPAC18G6.03"
"266","SPAC18G6.04c"
"267","SPAC18G6.05c"
"268","SPAC18G6.06"
"269","SPAC18G6.07c"
"270","SPAC18G6.12c"
"271","SPAC18G6.14c"
"272","SPAC18G6.15"
"273","SPAC1952.03"
"274","SPAC1952.08c"
"275","SPAC1952.09c"
"276","SPAC1952.11c"
"277","SPAC1952.14c"
"278","SPAC19A8.03"
"279","SPAC19A8.04"
"280","SPAC19A8.05c"
"281","SPAC19A8.07c"
"282","SPAC19A8.11c"
"283","SPAC19A8.12"
"284","SPAC19A8.15"
"285","SPAC19B12.01"
"286","SPAC19B12.02c"
"287","SPAC19B12.03"
"288","SPAC19B12.04"
"289","SPAC19B12.06c"
"290","SPAC19B12.09"
"291","SPAC19B12.11c"
"292","SPAC19D5.04"
"293","SPAC19D5.05c"
"294","SPAC19G12.03"
"295","SPAC19G12.05"
"296","SPAC19G12.08"
"297","SPAC19G12.09"
"298","SPAC19G12.10c"
"299","SPAC19G12.11"
"300","SPAC1A6.03c"
"301","SPAC1A6.04c"
"302","SPAC1A6.05c"
"303","SPAC1A6.07"
"304","SPAC1A6.10"
"305","SPAC1B1.03c"
"306","SPAC1B2.02c"
"307","SPAC1B2.03c"
"308","SPAC1B2.04"
"309","SPAC1B2.05"
"310","SPAC1B3.01c"
"311","SPAC1B3.03c"
"312","SPAC1B3.05"
"313","SPAC1B3.08"
"314","SPAC1B3.09c"
"315","SPAC1B3.13"
"316","SPAC1B3.16c"
"317","SPAC1B3.18c"
"318","SPAC1B9.03c"
"319","SPAC1D4.02c"
"320","SPAC1D4.04"
"321","SPAC1D4.08"
"322","SPAC1D4.09c"
"323","SPAC1D4.14"
"324","SPAC1F12.02c"
"325","SPAC1F12.04c"
"326","SPAC1F12.07"
"327","SPAC1F12.10c"
"328","SPAC1F3.04c"
"329","SPAC1F3.05"
"330","SPAC1F3.06c"
"331","SPAC1F3.09"
"332","SPAC1F5.02"
"333","SPAC1F5.03c"
"334","SPAC1F5.06"
"335","SPAC1F5.10"
"336","SPAC1F7.01c"
"337","SPAC1F7.02c"
"338","SPAC1F7.04"
"339","SPAC1F7.05"
"340","SPAC1F7.07c"
"341","SPAC1F7.08"
"342","SPAC1F7.10"
"343","SPAC1F7.12"
"344","SPAC1F7.13c"
"345","SPAC1F8.03c"
"346","SPAC20G4.01"
"347","SPAC20G4.06c"
"348","SPAC20G4.07c"
"349","SPAC20G4.08"
"350","SPAC20G8.01"
"351","SPAC20G8.03"
"352","SPAC20G8.04c"
"353","SPAC20G8.05c"
"354","SPAC20G8.06"
"355","SPAC20G8.07c"
"356","SPAC20G8.09c"
"357","SPAC20H4.01"
"358","SPAC20H4.03c"
"359","SPAC20H4.05c"
"360","SPAC20H4.07"
"361","SPAC20H4.10"
"362","SPAC21E11.03c"
"363","SPAC21E11.04"
"364","SPAC21E11.06"
"365","SPAC21E11.08"
"366","SPAC222.03c"
"367","SPAC222.08c"
"368","SPAC222.09"
"369","SPAC222.11"
"370","SPAC222.12c"
"371","SPAC222.13c"
"372","SPAC222.14c"
"373","SPAC222.17"
"374","SPAC227.02c"
"375","SPAC227.05"
"376","SPAC227.06"
"377","SPAC227.07c"
"378","SPAC227.08c"
"379","SPAC227.10"
"380","SPAC227.13c"
"381","SPAC227.18"
"382","SPAC22A12.01c"
"383","SPAC22A12.06c"
"384","SPAC22A12.07c"
"385","SPAC22A12.08c"
"386","SPAC22A12.09c"
"387","SPAC22A12.10"
"388","SPAC22A12.12c"
"389","SPAC22A12.14c"
"390","SPAC22A12.15c"
"391","SPAC22A12.16"
"392","SPAC22E12.03c"
"393","SPAC22E12.04"
"394","SPAC22E12.05c"
"395","SPAC22E12.06c"
"396","SPAC22E12.07"
"397","SPAC22E12.10c"
"398","SPAC22E12.13c"
"399","SPAC22E12.17c"
"400","SPAC22E12.18"
"401","SPAC22F3.06c"
"402","SPAC22F3.07c"
"403","SPAC22F3.08c"
"404","SPAC22F3.10c"
"405","SPAC22F3.13"
"406","SPAC22F3.15"
"407","SPAC22F8.04"
"408","SPAC22F8.05"
"409","SPAC22F8.08"
"410","SPAC22F8.09"
"411","SPAC22F8.10c"
"412","SPAC22F8.12c"
"413","SPAC22G7.01c"
"414","SPAC22G7.02"
"415","SPAC22G7.05"
"416","SPAC22G7.06c"
"417","SPAC22G7.10"
"418","SPAC22H10.03c"
"419","SPAC22H10.05c"
"420","SPAC22H10.08"
"421","SPAC22H10.12c"
"422","SPAC22H12.01c"
"423","SPAC22H12.02"
"424","SPAC22H12.03"
"425","SPAC22H12.04c"
"426","SPAC23A1.03"
"427","SPAC23A1.05"
"428","SPAC23A1.08c"
"429","SPAC23A1.09"
"430","SPAC23A1.10"
"431","SPAC23A1.11"
"432","SPAC23A1.12c"
"433","SPAC23A1.16c"
"434","SPAC23A1.17"
"435","SPAC23C11.03"
"436","SPAC23C11.05"
"437","SPAC23C11.06c"
"438","SPAC23C11.08"
"439","SPAC23C11.09"
"440","SPAC23C11.11"
"441","SPAC23C11.12"
"442","SPAC23C11.13c"
"443","SPAC23C11.14"
"444","SPAC23C11.15"
"445","SPAC23C11.17"
"446","SPAC23C4.02"
"447","SPAC23C4.05c"
"448","SPAC23C4.08"
"449","SPAC23C4.09c"
"450","SPAC23C4.11"
"451","SPAC23C4.12"
"452","SPAC23C4.14"
"453","SPAC23C4.15"
"454","SPAC23C4.19"
"455","SPAC23D3.02"
"456","SPAC23D3.03c"
"457","SPAC23D3.04c"
"458","SPAC23D3.06c"
"459","SPAC23D3.07"
"460","SPAC23D3.09"
"461","SPAC23D3.10c"
"462","SPAC23D3.12"
"463","SPAC23G3.01"
"464","SPAC23G3.02c"
"465","SPAC23G3.03"
"466","SPAC23G3.06"
"467","SPAC23G3.08c"
"468","SPAC23G3.10c"
"469","SPAC23G3.11"
"470","SPAC23G3.12c"
"471","SPAC23H3.02c"
"472","SPAC23H3.06"
"473","SPAC23H3.09c"
"474","SPAC23H3.10"
"475","SPAC23H3.12c"
"476","SPAC23H3.15c"
"477","SPAC23H4.01c"
"478","SPAC23H4.03c"
"479","SPAC23H4.07c"
"480","SPAC23H4.09"
"481","SPAC23H4.10c"
"482","SPAC23H4.12"
"483","SPAC23H4.15"
"484","SPAC24B11.05"
"485","SPAC24B11.06c"
"486","SPAC24B11.07c"
"487","SPAC24B11.09"
"488","SPAC24B11.11c"
"489","SPAC24B11.12c"
"490","SPAC24B11.13"
"491","SPAC24C9.02c"
"492","SPAC24C9.03"
"493","SPAC24C9.05c"
"494","SPAC24C9.06c"
"495","SPAC24C9.08"
"496","SPAC24C9.09"
"497","SPAC24C9.10c"
"498","SPAC24C9.11"
"499","SPAC24C9.14"
"500","SPAC24H6.01c"
"501","SPAC24H6.04"
"502","SPAC24H6.07"
"503","SPAC24H6.10c"
"504","SPAC24H6.13"
"505","SPAC25A8.01c"
"506","SPAC25B8.01"
"507","SPAC25B8.04c"
"508","SPAC25B8.07c"
"509","SPAC25B8.09"
"510","SPAC25B8.10"
"511","SPAC25B8.12c"
"512","SPAC25B8.16"
"513","SPAC25B8.17"
"514","SPAC25B8.19c"
"515","SPAC25G10.01"
"516","SPAC25G10.05c"
"517","SPAC25G10.08"
"518","SPAC25G10.09c"
"519","SPAC25H1.07"
"520","SPAC25H1.08c"
"521","SPAC26A3.01"
"522","SPAC26A3.08"
"523","SPAC26A3.11"
"524","SPAC26A3.12c"
"525","SPAC26A3.15c"
"526","SPAC26A3.16"
"527","SPAC26A3.17c"
"528","SPAC26F1.02"
"529","SPAC26F1.03"
"530","SPAC26F1.04c"
"531","SPAC26F1.06"
"532","SPAC26F1.07"
"533","SPAC26F1.09"
"534","SPAC26F1.12c"
"535","SPAC26F1.13c"
"536","SPAC26F1.14c"
"537","SPAC26H5.04"
"538","SPAC26H5.07c"
"539","SPAC26H5.08c"
"540","SPAC26H5.09c"
"541","SPAC26H5.10c"
"542","SPAC26H5.13c"
"543","SPAC27D7.02c"
"544","SPAC27D7.03c"
"545","SPAC27D7.06"
"546","SPAC27D7.07c"
"547","SPAC27D7.09c"
"548","SPAC27D7.11c"
"549","SPAC27D7.14c"
"550","SPAC27E2.02"
"551","SPAC27E2.03c"
"552","SPAC27E2.10c"
"553","SPAC27F1.02c"
"554","SPAC27F1.06c"
"555","SPAC27F1.07"
"556","SPAC27F1.08"
"557","SPAC27F1.09c"
"558","SPAC29A4.02c"
"559","SPAC29A4.03c"
"560","SPAC29A4.04c"
"561","SPAC29A4.05"
"562","SPAC29A4.08c"
"563","SPAC29A4.09"
"564","SPAC29A4.12c"
"565","SPAC29A4.15"
"566","SPAC29A4.16"
"567","SPAC29A4.18"
"568","SPAC29A4.20"
"569","SPAC29B12.01"
"570","SPAC29B12.04"
"571","SPAC29B12.06c"
"572","SPAC29B12.07"
"573","SPAC29B12.08"
"574","SPAC29B12.10c"
"575","SPAC29B12.13"
"576","SPAC29E6.03c"
"577","SPAC29E6.06c"
"578","SPAC29E6.10c"
"579","SPAC2C4.03c"
"580","SPAC2C4.04c"
"581","SPAC2C4.05"
"582","SPAC2C4.10c"
"583","SPAC2C4.12c"
"584","SPAC2C4.14c"
"585","SPAC2E12.02"
"586","SPAC2E1P3.01"
"587","SPAC2E1P3.04"
"588","SPAC2E1P5.03"
"589","SPAC2E1P5.05"
"590","SPAC2F3.02"
"591","SPAC2F3.03c"
"592","SPAC2F3.04c"
"593","SPAC2F3.06c"
"594","SPAC2F3.09"
"595","SPAC2F3.10"
"596","SPAC2F3.11"
"597","SPAC2F3.12c"
"598","SPAC2F3.13c"
"599","SPAC2F3.16"
"600","SPAC2F3.17c"
"601","SPAC2F7.02c"
"602","SPAC2F7.05c"
"603","SPAC2F7.11"
"604","SPAC2F7.14c"
"605","SPAC2F7.15"
"606","SPAC2G11.02"
"607","SPAC2G11.03c"
"608","SPAC2G11.06"
"609","SPAC2G11.07c"
"610","SPAC2G11.10c"
"611","SPAC2G11.11c"
"612","SPAC30.01c"
"613","SPAC30.02c"
"614","SPAC30.04c"
"615","SPAC30C2.02"
"616","SPAC30C2.04"
"617","SPAC30C2.05"
"618","SPAC30C2.08"
"619","SPAC30D11.04c"
"620","SPAC30D11.08c"
"621","SPAC30D11.12"
"622","SPAC30D11.14c"
"623","SPAC31A2.02"
"624","SPAC31A2.04c"
"625","SPAC31A2.07c"
"626","SPAC31G5.01"
"627","SPAC31G5.03"
"628","SPAC31G5.05c"
"629","SPAC31G5.08"
"630","SPAC31G5.13"
"631","SPAC31G5.14"
"632","SPAC31G5.16c"
"633","SPAC31G5.17c"
"634","SPAC323.02c"
"635","SPAC323.04"
"636","SPAC323.06c"
"637","SPAC323.07c"
"638","SPAC328.02"
"639","SPAC328.03"
"640","SPAC328.05"
"641","SPAC328.06"
"642","SPAC328.09"
"643","SPAC328.10c"
"644","SPAC32A11.04c"
"645","SPAC343.01c"
"646","SPAC343.02"
"647","SPAC343.04c"
"648","SPAC343.05"
"649","SPAC343.06c"
"650","SPAC343.09"
"651","SPAC343.10"
"652","SPAC343.12"
"653","SPAC343.14c"
"654","SPAC343.16"
"655","SPAC343.19"
"656","SPAC3A11.07"
"657","SPAC3A11.10c"
"658","SPAC3A11.12c"
"659","SPAC3A11.13"
"660","SPAC3A12.07"
"661","SPAC3A12.10"
"662","SPAC3A12.13c"
"663","SPAC3A12.14"
"664","SPAC3A12.15"
"665","SPAC3A12.17c"
"666","SPAC3A12.18"
"667","SPAC3C7.08c"
"668","SPAC3C7.10"
"669","SPAC3C7.11c"
"670","SPAC3C7.12"
"671","SPAC3C7.14c"
"672","SPAC3F10.03"
"673","SPAC3F10.04"
"674","SPAC3F10.09"
"675","SPAC3F10.11c"
"676","SPAC3F10.16c"
"677","SPAC3F10.17"
"678","SPAC3G6.01"
"679","SPAC3G6.02"
"680","SPAC3G6.04"
"681","SPAC3G6.05"
"682","SPAC3G9.03"
"683","SPAC3G9.04"
"684","SPAC3G9.05"
"685","SPAC3G9.06"
"686","SPAC3G9.09c"
"687","SPAC3G9.11c"
"688","SPAC3G9.15c"
"689","SPAC3H1.02c"
"690","SPAC3H1.05"
"691","SPAC3H1.07"
"692","SPAC3H1.09c"
"693","SPAC3H1.10"
"694","SPAC3H5.05c"
"695","SPAC3H5.10"
"696","SPAC3H5.12c"
"697","SPAC3H8.02"
"698","SPAC3H8.07c"
"699","SPAC3H8.10"
"700","SPAC458.02c"
"701","SPAC4A8.02c"
"702","SPAC4A8.04"
"703","SPAC4A8.07c"
"704","SPAC4A8.11c"
"705","SPAC4A8.12c"
"706","SPAC4A8.13c"
"707","SPAC4A8.14"
"708","SPAC4A8.15c"
"709","SPAC4A8.16c"
"710","SPAC4C5.01"
"711","SPAC4C5.02c"
"712","SPAC4D7.01c"
"713","SPAC4D7.04c"
"714","SPAC4D7.05"
"715","SPAC4D7.06c"
"716","SPAC4D7.08c"
"717","SPAC4D7.09"
"718","SPAC4D7.12c"
"719","SPAC4D7.13"
"720","SPAC4F10.02"
"721","SPAC4F10.04"
"722","SPAC4F10.09c"
"723","SPAC4F10.10c"
"724","SPAC4F10.11"
"725","SPAC4F10.13c"
"726","SPAC4F10.14c"
"727","SPAC4F10.15c"
"728","SPAC4F10.18"
"729","SPAC4F10.20"
"730","SPAC4F8.01"
"731","SPAC4F8.02c"
"732","SPAC4F8.03"
"733","SPAC4F8.04"
"734","SPAC4F8.12c"
"735","SPAC4F8.14c"
"736","SPAC4G8.02c"
"737","SPAC4G8.05"
"738","SPAC4G8.07c"
"739","SPAC4G8.09"
"740","SPAC4G9.03"
"741","SPAC4G9.04c"
"742","SPAC4G9.08c"
"743","SPAC4G9.09c"
"744","SPAC4G9.10"
"745","SPAC4G9.11c"
"746","SPAC4G9.12"
"747","SPAC4G9.13c"
"748","SPAC4G9.15"
"749","SPAC4G9.16c"
"750","SPAC4G9.17c"
"751","SPAC4H3.01"
"752","SPAC4H3.07c"
"753","SPAC4H3.09"
"754","SPAC4H3.10c"
"755","SPAC4H3.13"
"756","SPAC513.05"
"757","SPAC513.07"
"758","SPAC521.03"
"759","SPAC521.05"
"760","SPAC56E4.03"
"761","SPAC56E4.04c"
"762","SPAC56E4.07"
"763","SPAC56F8.03"
"764","SPAC56F8.04c"
"765","SPAC56F8.05c"
"766","SPAC56F8.08"
"767","SPAC56F8.10"
"768","SPAC57A10.03"
"769","SPAC57A10.07"
"770","SPAC57A10.09c"
"771","SPAC57A10.10c"
"772","SPAC57A10.11c"
"773","SPAC57A10.12c"
"774","SPAC57A7.04c"
"775","SPAC57A7.06"
"776","SPAC57A7.10c"
"777","SPAC57A7.11"
"778","SPAC57A7.12"
"779","SPAC589.04"
"780","SPAC589.06c"
"781","SPAC589.09"
"782","SPAC589.12"
"783","SPAC5D6.01"
"784","SPAC5D6.04"
"785","SPAC5D6.09c"
"786","SPAC5D6.13"
"787","SPAC5H10.01"
"788","SPAC5H10.03"
"789","SPAC5H10.05c"
"790","SPAC5H10.06c"
"791","SPAC5H10.08c"
"792","SPAC5H10.10"
"793","SPAC5H10.12c"
"794","SPAC607.02c"
"795","SPAC607.03c"
"796","SPAC607.05"
"797","SPAC607.06c"
"798","SPAC607.07c"
"799","SPAC630.03"
"800","SPAC630.08c"
"801","SPAC630.09c"
"802","SPAC630.11"
"803","SPAC630.12"
"804","SPAC630.14c"
"805","SPAC631.01c"
"806","SPAC637.04"
"807","SPAC637.05c"
"808","SPAC637.06"
"809","SPAC637.07"
"810","SPAC637.08"
"811","SPAC637.10c"
"812","SPAC637.13c"
"813","SPAC644.05c"
"814","SPAC644.07"
"815","SPAC644.09"
"816","SPAC644.11c"
"817","SPAC644.13c"
"818","SPAC644.14c"
"819","SPAC644.15"
"820","SPAC644.16"
"821","SPAC644.17c"
"822","SPAC664.02c"
"823","SPAC664.05"
"824","SPAC664.09"
"825","SPAC664.11"
"826","SPAC664.12c"
"827","SPAC688.04c"
"828","SPAC688.07c"
"829","SPAC688.11"
"830","SPAC688.14"
"831","SPAC694.02"
"832","SPAC694.03"
"833","SPAC694.04c"
"834","SPAC694.05c"
"835","SPAC6B12.04c"
"836","SPAC6B12.09"
"837","SPAC6B12.12"
"838","SPAC6B12.15"
"839","SPAC6B12.19"
"840","SPAC6C3.04"
"841","SPAC6C3.08"
"842","SPAC6F12.03c"
"843","SPAC6F12.04"
"844","SPAC6F12.07"
"845","SPAC6F12.08c"
"846","SPAC6F12.10c"
"847","SPAC6F12.13c"
"848","SPAC6F12.16c"
"849","SPAC6F12.17"
"850","SPAC6F6.03c"
"851","SPAC6F6.05"
"852","SPAC6F6.07c"
"853","SPAC6F6.10c"
"854","SPAC6F6.11c"
"855","SPAC6F6.15"
"856","SPAC6G10.03c"
"857","SPAC6G10.04c"
"858","SPAC6G10.07"
"859","SPAC6G10.08"
"860","SPAC6G10.09"
"861","SPAC6G10.11c"
"862","SPAC6G9.02c"
"863","SPAC6G9.03c"
"864","SPAC6G9.07c"
"865","SPAC6G9.08"
"866","SPAC6G9.11"
"867","SPAC6G9.12"
"868","SPAC6G9.14"
"869","SPAC732.02c"
"870","SPAC7D4.05"
"871","SPAC7D4.06c"
"872","SPAC7D4.07c"
"873","SPAC7D4.10"
"874","SPAC806.02c"
"875","SPAC806.03c"
"876","SPAC806.04c"
"877","SPAC806.07"
"878","SPAC821.03c"
"879","SPAC821.05"
"880","SPAC821.06"
"881","SPAC821.10c"
"882","SPAC821.11"
"883","SPAC823.03"
"884","SPAC823.06"
"885","SPAC823.08c"
"886","SPAC823.11"
"887","SPAC823.12"
"888","SPAC823.14"
"889","SPAC823.15"
"890","SPAC824.02"
"891","SPAC824.04"
"892","SPAC824.05"
"893","SPAC824.06"
"894","SPAC824.07"
"895","SPAC824.08"
"896","SPAC869.05c"
"897","SPAC869.11"
"898","SPAC890.04c"
"899","SPAC890.06"
"900","SPAC890.07c"
"901","SPAC890.08"
"902","SPAC8C9.03"
"903","SPAC8C9.04"
"904","SPAC8C9.05"
"905","SPAC8C9.08"
"906","SPAC8C9.10c"
"907","SPAC8C9.14"
"908","SPAC8C9.15c"
"909","SPAC8C9.16c"
"910","SPAC8E11.02c"
"911","SPAC8E11.05c"
"912","SPAC8E11.10"
"913","SPAC8F11.04"
"914","SPAC8F11.06"
"915","SPAC9.02c"
"916","SPAC9.03c"
"917","SPAC9.07c"
"918","SPAC9.09"
"919","SPAC9.10"
"920","SPAC9.13c"
"921","SPAC922.03"
"922","SPAC922.04"
"923","SPAC922.07c"
"924","SPAC926.04c"
"925","SPAC926.07c"
"926","SPAC926.08c"
"927","SPAC926.09c"
"928","SPAC959.02"
"929","SPAC959.03c"
"930","SPAC959.07"
"931","SPAC977.12"
"932","SPAC977.16c"
"933","SPAC9E9.03"
"934","SPAC9E9.04"
"935","SPAC9E9.07c"
"936","SPAC9E9.09c"
"937","SPAC9E9.11"
"938","SPAC9E9.13"
"939","SPAC9G1.03c"
"940","SPAC9G1.04"
"941","SPAC9G1.05"
"942","SPAC9G1.06c"
"943","SPAC9G1.11c"
"944","SPAC9G1.12"
"945","SPACUNK4.06c"
"946","SPACUNK4.07c"
"947","SPACUNK4.10"
"948","SPACUNK4.12c"
"949","SPACUNK4.14"
"950","SPACUNK4.16c"
"951","SPACUNK4.17"
"952","SPAP11E10.01"
"953","SPAP27G11.03"
"954","SPAP27G11.09c"
"955","SPAP27G11.10c"
"956","SPAP27G11.13c"
"957","SPAP32A8.02"
"958","SPAP7G5.04c"
"959","SPAP7G5.05"
"960","SPAP7G5.06"
"961","SPAP8A3.03"
"962","SPAP8A3.04c"
"963","SPAP8A3.06"
"964","SPAP8A3.07c"
"965","SPAP8A3.08"
"966","SPAP8A3.09c"
"967","SPAP8A3.14c"
"968","SPAPB17E12.11"
"969","SPAPB17E12.13"
"970","SPAPB17E12.14c"
"971","SPAPB1A10.10c"
"972","SPAPB1A10.12c"
"973","SPAPB1A10.13"
"974","SPAPB1A10.16"
"975","SPAPB1E7.07"
"976","SPAPB1E7.09"
"977","SPAPB1E7.12"
"978","SPAPB1E7.14"
"979","SPAPB21F2.02"
"980","SPAPB24D3.06c"
"981","SPAPB24D3.07c"
"982","SPAPB24D3.08c"
"983","SPAPB24D3.09c"
"984","SPAPB2B4.02"
"985","SPAPB2B4.05"
"986","SPAPB2B4.07"
"987","SPAPB2C8.01"
"988","SPAPB8E5.02c"
"989","SPAPB8E5.03"
"990","SPAPB8E5.04c"
"991","SPAPB8E5.06c"
"992","SPAPB8E5.07c"
"993","SPAPB8E5.09"
"994","SPAPJ691.02"
"995","SPAPJ696.01c"
"996","SPAPJ696.02"
"997","SPAPJ698.02c"
"998","SPAPJ698.03c"
"999","SPAPJ760.02c"
"1000","SPAPYUG7.04c"
"1001","SPAPYUG7.05"
"1002","SPAPYUK71.03c"
"1003","SPBC106.04"
"1004","SPBC106.05c"
"1005","SPBC106.06"
"1006","SPBC106.10"
"1007","SPBC106.12c"
"1008","SPBC106.13"
"1009","SPBC106.14c"
"1010","SPBC106.15"
"1011","SPBC106.16"
"1012","SPBC106.18"
"1013","SPBC106.20"
"1014","SPBC1105.01"
"1015","SPBC1105.02c"
"1016","SPBC1105.09"
"1017","SPBC115.01c"
"1018","SPBC115.02c"
"1019","SPBC115.03"
"1020","SPBC119.01"
"1021","SPBC119.02"
"1022","SPBC119.03"
"1023","SPBC119.06"
"1024","SPBC119.08"
"1025","SPBC119.10"
"1026","SPBC119.12"
"1027","SPBC119.15"
"1028","SPBC119.16c"
"1029","SPBC119.17"
"1030","SPBC119.18"
"1031","SPBC1198.02"
"1032","SPBC1198.05"
"1033","SPBC1198.07c"
"1034","SPBC1198.08"
"1035","SPBC1198.13c"
"1036","SPBC11B10.01"
"1037","SPBC11B10.02c"
"1038","SPBC11B10.07c"
"1039","SPBC11B10.09"
"1040","SPBC11C11.02"
"1041","SPBC11C11.06c"
"1042","SPBC11C11.07"
"1043","SPBC11C11.08"
"1044","SPBC11C11.10"
"1045","SPBC11G11.01"
"1046","SPBC11G11.02c"
"1047","SPBC11G11.03"
"1048","SPBC11G11.05"
"1049","SPBC11G11.07"
"1050","SPBC1215.01"
"1051","SPBC1215.02c"
"1052","SPBC1271.02"
"1053","SPBC1271.04c"
"1054","SPBC1271.07c"
"1055","SPBC1271.10c"
"1056","SPBC1271.12"
"1057","SPBC1271.13"
"1058","SPBC1289.01c"
"1059","SPBC1289.04c"
"1060","SPBC1289.05c"
"1061","SPBC1289.06c"
"1062","SPBC1289.07c"
"1063","SPBC1289.08"
"1064","SPBC1289.09"
"1065","SPBC1289.11"
"1066","SPBC1289.12"
"1067","SPBC1289.13c"
"1068","SPBC1289.14"
"1069","SPBC1289.16c"
"1070","SPBC12C2.03c"
"1071","SPBC12C2.04"
"1072","SPBC12C2.05c"
"1073","SPBC12C2.06"
"1074","SPBC12C2.07c"
"1075","SPBC12C2.08"
"1076","SPBC12C2.10c"
"1077","SPBC12C2.11"
"1078","SPBC12C2.12c"
"1079","SPBC12C2.13c"
"1080","SPBC12D12.03"
"1081","SPBC12D12.04c"
"1082","SPBC12D12.07c"
"1083","SPBC1306.01c"
"1084","SPBC1347.02"
"1085","SPBC1347.04"
"1086","SPBC1347.05c"
"1087","SPBC1347.07"
"1088","SPBC1347.09"
"1089","SPBC13A2.02"
"1090","SPBC13A2.03"
"1091","SPBC13E7.01"
"1092","SPBC13E7.02"
"1093","SPBC13E7.04"
"1094","SPBC13E7.07"
"1095","SPBC13E7.08c"
"1096","SPBC13G1.01c"
"1097","SPBC13G1.02"
"1098","SPBC13G1.04c"
"1099","SPBC13G1.06c"
"1100","SPBC13G1.09"
"1101","SPBC13G1.10c"
"1102","SPBC13G1.11"
"1103","SPBC146.03c"
"1104","SPBC146.08c"
"1105","SPBC146.12"
"1106","SPBC146.13c"
"1107","SPBC146.14c"
"1108","SPBC14C8.02"
"1109","SPBC14C8.03"
"1110","SPBC14C8.04"
"1111","SPBC14C8.06"
"1112","SPBC14C8.12"
"1113","SPBC14C8.14c"
"1114","SPBC14C8.15"
"1115","SPBC14C8.16c"
"1116","SPBC14F5.03c"
"1117","SPBC14F5.05c"
"1118","SPBC14F5.06"
"1119","SPBC14F5.07"
"1120","SPBC14F5.09c"
"1121","SPBC14F5.11c"
"1122","SPBC14F5.12c"
"1123","SPBC14F5.13c"
"1124","SPBC1539.01c"
"1125","SPBC1539.03c"
"1126","SPBC1539.04"
"1127","SPBC1539.05"
"1128","SPBC1539.06"
"1129","SPBC1539.07c"
"1130","SPBC1539.09c"
"1131","SPBC1539.10"
"1132","SPBC15C4.01c"
"1133","SPBC15C4.04c"
"1134","SPBC15D4.09c"
"1135","SPBC15D4.14"
"1136","SPBC15D4.15"
"1137","SPBC1604.03c"
"1138","SPBC1604.04"
"1139","SPBC1604.05"
"1140","SPBC1604.06c"
"1141","SPBC1604.07"
"1142","SPBC1604.08c"
"1143","SPBC1604.10"
"1144","SPBC1604.11"
"1145","SPBC1604.12"
"1146","SPBC1604.14c"
"1147","SPBC1604.21c"
"1148","SPBC1604.25"
"1149","SPBC1652.02"
"1150","SPBC1677.03c"
"1151","SPBC1683.01"
"1152","SPBC1683.03c"
"1153","SPBC1683.06c"
"1154","SPBC1683.08"
"1155","SPBC1683.10c"
"1156","SPBC1685.02c"
"1157","SPBC1685.03"
"1158","SPBC1685.10"
"1159","SPBC1685.13"
"1160","SPBC1685.14c"
"1161","SPBC16A3.01"
"1162","SPBC16A3.02c"
"1163","SPBC16A3.04"
"1164","SPBC16A3.05c"
"1165","SPBC16A3.08c"
"1166","SPBC16A3.09c"
"1167","SPBC16A3.12c"
"1168","SPBC16A3.15c"
"1169","SPBC16A3.18"
"1170","SPBC16C6.02c"
"1171","SPBC16C6.05"
"1172","SPBC16C6.06"
"1173","SPBC16C6.07c"
"1174","SPBC16C6.08c"
"1175","SPBC16C6.09"
"1176","SPBC16C6.11"
"1177","SPBC16C6.13c"
"1178","SPBC16D10.08c"
"1179","SPBC16D10.09"
"1180","SPBC16D10.10"
"1181","SPBC16E9.02c"
"1182","SPBC16E9.05"
"1183","SPBC16E9.06c"
"1184","SPBC16E9.09c"
"1185","SPBC16E9.10c"
"1186","SPBC16E9.11c"
"1187","SPBC16E9.12c"
"1188","SPBC16E9.13"
"1189","SPBC16G5.01"
"1190","SPBC16G5.02c"
"1191","SPBC16G5.03"
"1192","SPBC16G5.05c"
"1193","SPBC16G5.07c"
"1194","SPBC16G5.08"
"1195","SPBC16G5.09"
"1196","SPBC16G5.10"
"1197","SPBC16G5.14c"
"1198","SPBC16H5.03c"
"1199","SPBC16H5.04"
"1200","SPBC16H5.05c"
"1201","SPBC16H5.06"
"1202","SPBC16H5.07c"
"1203","SPBC16H5.08c"
"1204","SPBC16H5.10c"
"1205","SPBC16H5.11c"
"1206","SPBC16H5.12c"
"1207","SPBC1703.02"
"1208","SPBC1703.03c"
"1209","SPBC1703.05"
"1210","SPBC1703.07"
"1211","SPBC1703.10"
"1212","SPBC1703.11"
"1213","SPBC1703.12"
"1214","SPBC1703.13c"
"1215","SPBC1703.14c"
"1216","SPBC1703.15c"
"1217","SPBC1706.01"
"1218","SPBC1709.02c"
"1219","SPBC1709.03"
"1220","SPBC1709.04c"
"1221","SPBC1709.05"
"1222","SPBC1709.06"
"1223","SPBC1709.07"
"1224","SPBC1709.08"
"1225","SPBC1709.15c"
"1226","SPBC1709.17"
"1227","SPBC1709.18"
"1228","SPBC1709.19c"
"1229","SPBC1711.03"
"1230","SPBC1711.04"
"1231","SPBC1711.05"
"1232","SPBC1711.06"
"1233","SPBC1711.07"
"1234","SPBC1711.08"
"1235","SPBC1711.09c"
"1236","SPBC1711.10c"
"1237","SPBC1711.12"
"1238","SPBC1711.13"
"1239","SPBC1711.16"
"1240","SPBC1711.18"
"1241","SPBC1718.03"
"1242","SPBC1718.04"
"1243","SPBC1718.05"
"1244","SPBC1734.01c"
"1245","SPBC1734.03"
"1246","SPBC1734.04"
"1247","SPBC1734.08"
"1248","SPBC1734.13"
"1249","SPBC1734.14c"
"1250","SPBC1734.15"
"1251","SPBC1734.16c"
"1252","SPBC1773.01"
"1253","SPBC1773.02c"
"1254","SPBC1773.03c"
"1255","SPBC1773.04"
"1256","SPBC1773.07c"
"1257","SPBC1773.10c"
"1258","SPBC1773.14"
"1259","SPBC1778.01c"
"1260","SPBC1778.03c"
"1261","SPBC1778.05c"
"1262","SPBC1778.06c"
"1263","SPBC1778.07"
"1264","SPBC1778.08c"
"1265","SPBC1778.10c"
"1266","SPBC17A3.01c"
"1267","SPBC17A3.04c"
"1268","SPBC17A3.05c"
"1269","SPBC17A3.07"
"1270","SPBC17D1.02"
"1271","SPBC17D1.03c"
"1272","SPBC17D1.06"
"1273","SPBC17D1.17"
"1274","SPBC17D11.05"
"1275","SPBC17D11.06"
"1276","SPBC17D11.07c"
"1277","SPBC17D11.08"
"1278","SPBC17G9.02c"
"1279","SPBC17G9.03c"
"1280","SPBC17G9.04c"
"1281","SPBC17G9.05"
"1282","SPBC17G9.06c"
"1283","SPBC17G9.07"
"1284","SPBC17G9.08c"
"1285","SPBC17G9.09"
"1286","SPBC17G9.11c"
"1287","SPBC1815.01"
"1288","SPBC1826.01c"
"1289","SPBC1861.03"
"1290","SPBC1861.05"
"1291","SPBC1861.08c"
"1292","SPBC1861.09"
"1293","SPBC18E5.01"
"1294","SPBC18E5.02c"
"1295","SPBC18E5.04"
"1296","SPBC18E5.06"
"1297","SPBC18E5.07"
"1298","SPBC18E5.11c"
"1299","SPBC18E5.12c"
"1300","SPBC18H10.02"
"1301","SPBC18H10.03"
"1302","SPBC18H10.04c"
"1303","SPBC18H10.12c"
"1304","SPBC18H10.14"
"1305","SPBC18H10.17c"
"1306","SPBC18H10.20c"
"1307","SPBC1921.01c"
"1308","SPBC1921.03c"
"1309","SPBC1921.05"
"1310","SPBC1921.07c"
"1311","SPBC19C2.07"
"1312","SPBC19C2.10"
"1313","SPBC19C2.12"
"1314","SPBC19C2.14"
"1315","SPBC19C7.06"
"1316","SPBC19C7.10"
"1317","SPBC19C7.12c"
"1318","SPBC19F5.02c"
"1319","SPBC19F5.03"
"1320","SPBC19F5.04"
"1321","SPBC19F5.05c"
"1322","SPBC19F8.02"
"1323","SPBC19F8.03c"
"1324","SPBC19F8.05"
"1325","SPBC19F8.07"
"1326","SPBC19G7.01c"
"1327","SPBC19G7.05c"
"1328","SPBC19G7.07c"
"1329","SPBC19G7.10c"
"1330","SPBC19G7.15"
"1331","SPBC19G7.17"
"1332","SPBC19G7.19"
"1333","SPBC1A4.02c"
"1334","SPBC1A4.03c"
"1335","SPBC1A4.05"
"1336","SPBC1A4.07c"
"1337","SPBC1A4.08c"
"1338","SPBC1A4.09"
"1339","SPBC1A4.10c"
"1340","SPBC1D7.01"
"1341","SPBC1E8.04"
"1342","SPBC20F10.01"
"1343","SPBC20F10.07"
"1344","SPBC20F10.08c"
"1345","SPBC20F10.09"
"1346","SPBC20F10.10"
"1347","SPBC211.02c"
"1348","SPBC211.03c"
"1349","SPBC211.04c"
"1350","SPBC211.07c"
"1351","SPBC211.08c"
"1352","SPBC215.01"
"1353","SPBC215.02"
"1354","SPBC215.05"
"1355","SPBC215.06c"
"1356","SPBC215.07c"
"1357","SPBC215.08c"
"1358","SPBC215.09c"
"1359","SPBC215.10"
"1360","SPBC215.11c"
"1361","SPBC215.12"
"1362","SPBC215.15"
"1363","SPBC216.03"
"1364","SPBC216.04c"
"1365","SPBC216.07c"
"1366","SPBC21B10.02"
"1367","SPBC21B10.03c"
"1368","SPBC21B10.04c"
"1369","SPBC21B10.07"
"1370","SPBC21B10.08c"
"1371","SPBC21B10.10"
"1372","SPBC21C3.08c"
"1373","SPBC21C3.09c"
"1374","SPBC21C3.12c"
"1375","SPBC21C3.13"
"1376","SPBC21C3.14c"
"1377","SPBC21C3.15c"
"1378","SPBC21C3.16c"
"1379","SPBC21C3.19"
"1380","SPBC21D10.09c"
"1381","SPBC21D10.11c"
"1382","SPBC21D10.12"
"1383","SPBC21H7.02"
"1384","SPBC21H7.03c"
"1385","SPBC21H7.04"
"1386","SPBC21H7.07c"
"1387","SPBC23E6.01c"
"1388","SPBC23E6.04c"
"1389","SPBC23E6.05"
"1390","SPBC23E6.06c"
"1391","SPBC23E6.07c"
"1392","SPBC23E6.09"
"1393","SPBC23G7.07c"
"1394","SPBC23G7.08c"
"1395","SPBC23G7.12c"
"1396","SPBC23G7.15c"
"1397","SPBC23G7.16"
"1398","SPBC244.02c"
"1399","SPBC24C6.03"
"1400","SPBC24C6.04"
"1401","SPBC24C6.05"
"1402","SPBC24C6.11"
"1403","SPBC25B2.01"
"1404","SPBC25B2.05"
"1405","SPBC25B2.06c"
"1406","SPBC25B2.09c"
"1407","SPBC25D12.02c"
"1408","SPBC25D12.03c"
"1409","SPBC25D12.05"
"1410","SPBC25H2.02"
"1411","SPBC25H2.05"
"1412","SPBC25H2.06c"
"1413","SPBC25H2.07"
"1414","SPBC25H2.09"
"1415","SPBC25H2.12c"
"1416","SPBC25H2.16c"
"1417","SPBC26H8.01"
"1418","SPBC26H8.02c"
"1419","SPBC26H8.03"
"1420","SPBC26H8.07c"
"1421","SPBC26H8.08c"
"1422","SPBC26H8.10"
"1423","SPBC26H8.11c"
"1424","SPBC26H8.12"
"1425","SPBC26H8.14c"
"1426","SPBC27.01c"
"1427","SPBC27.08c"
"1428","SPBC27B12.03c"
"1429","SPBC27B12.08"
"1430","SPBC27B12.10c"
"1431","SPBC27B12.13"
"1432","SPBC28E12.05"
"1433","SPBC28E12.06c"
"1434","SPBC28F2.02"
"1435","SPBC28F2.03"
"1436","SPBC28F2.08c"
"1437","SPBC28F2.09"
"1438","SPBC28F2.11"
"1439","SPBC28F2.12"
"1440","SPBC29A10.01"
"1441","SPBC29A10.04"
"1442","SPBC29A10.06c"
"1443","SPBC29A10.07"
"1444","SPBC29A10.10c"
"1445","SPBC29A10.12"
"1446","SPBC29A10.13"
"1447","SPBC29A10.16c"
"1448","SPBC29A10.17"
"1449","SPBC29A3.01"
"1450","SPBC29A3.02c"
"1451","SPBC29A3.04"
"1452","SPBC29A3.06"
"1453","SPBC29A3.07c"
"1454","SPBC29A3.09c"
"1455","SPBC29A3.10c"
"1456","SPBC29A3.12"
"1457","SPBC29A3.15c"
"1458","SPBC29A3.18"
"1459","SPBC29B5.01"
"1460","SPBC29B5.02c"
"1461","SPBC29B5.03c"
"1462","SPBC29B5.04c"
"1463","SPBC2A9.05c"
"1464","SPBC2A9.06c"
"1465","SPBC2A9.08c"
"1466","SPBC2A9.09"
"1467","SPBC2D10.03c"
"1468","SPBC2D10.05"
"1469","SPBC2D10.08c"
"1470","SPBC2D10.09"
"1471","SPBC2D10.10c"
"1472","SPBC2D10.11c"
"1473","SPBC2D10.12"
"1474","SPBC2D10.14c"
"1475","SPBC2D10.20"
"1476","SPBC2F12.02c"
"1477","SPBC2F12.04"
"1478","SPBC2F12.05c"
"1479","SPBC2F12.08c"
"1480","SPBC2F12.10"
"1481","SPBC2F12.14c"
"1482","SPBC2G2.01c"
"1483","SPBC2G2.04c"
"1484","SPBC2G2.08"
"1485","SPBC2G2.12"
"1486","SPBC2G2.13c"
"1487","SPBC2G2.16"
"1488","SPBC2G5.01"
"1489","SPBC2G5.04c"
"1490","SPBC2G5.06c"
"1491","SPBC30B4.05"
"1492","SPBC30D10.02"
"1493","SPBC30D10.03c"
"1494","SPBC30D10.05c"
"1495","SPBC30D10.07c"
"1496","SPBC30D10.08"
"1497","SPBC30D10.14"
"1498","SPBC30D10.16"
"1499","SPBC30D10.17c"
"1500","SPBC30D10.18c"
"1501","SPBC31A8.01c"
"1502","SPBC31E1.02c"
"1503","SPBC31E1.06"
"1504","SPBC31F10.06c"
"1505","SPBC31F10.07"
"1506","SPBC31F10.11c"
"1507","SPBC31F10.12"
"1508","SPBC31F10.15c"
"1509","SPBC31F10.16"
"1510","SPBC32F12.01c"
"1511","SPBC32F12.02"
"1512","SPBC32F12.03c"
"1513","SPBC32F12.04"
"1514","SPBC32F12.11"
"1515","SPBC32F12.12c"
"1516","SPBC32H8.02c"
"1517","SPBC32H8.03"
"1518","SPBC32H8.04c"
"1519","SPBC32H8.05"
"1520","SPBC32H8.12c"
"1521","SPBC336.02"
"1522","SPBC336.10c"
"1523","SPBC336.12c"
"1524","SPBC336.14c"
"1525","SPBC337.03"
"1526","SPBC337.05c"
"1527","SPBC337.09"
"1528","SPBC337.10c"
"1529","SPBC337.14"
"1530","SPBC337.15c"
"1531","SPBC337.16"
"1532","SPBC342.02"
"1533","SPBC342.04"
"1534","SPBC354.01"
"1535","SPBC354.02c"
"1536","SPBC354.04"
"1537","SPBC354.06"
"1538","SPBC354.07c"
"1539","SPBC354.10"
"1540","SPBC354.14c"
"1541","SPBC359.03c"
"1542","SPBC36.03c"
"1543","SPBC36.04"
"1544","SPBC36.05c"
"1545","SPBC36.07"
"1546","SPBC36.08c"
"1547","SPBC365.01"
"1548","SPBC365.04c"
"1549","SPBC365.06"
"1550","SPBC365.10"
"1551","SPBC365.12c"
"1552","SPBC365.13c"
"1553","SPBC365.14c"
"1554","SPBC365.16"
"1555","SPBC36B7.02"
"1556","SPBC36B7.03"
"1557","SPBC36B7.07"
"1558","SPBC36B7.08c"
"1559","SPBC3B8.01c"
"1560","SPBC3B8.03"
"1561","SPBC3B8.04c"
"1562","SPBC3B8.07c"
"1563","SPBC3B8.08"
"1564","SPBC3B8.09"
"1565","SPBC3B9.01"
"1566","SPBC3B9.03"
"1567","SPBC3B9.05"
"1568","SPBC3B9.06c"
"1569","SPBC3B9.07c"
"1570","SPBC3B9.10"
"1571","SPBC3B9.14c"
"1572","SPBC3B9.17"
"1573","SPBC3B9.18c"
"1574","SPBC3B9.19"
"1575","SPBC3D6.02"
"1576","SPBC3D6.06c"
"1577","SPBC3D6.08c"
"1578","SPBC3D6.12"
"1579","SPBC3D6.13c"
"1580","SPBC3E7.02c"
"1581","SPBC3E7.05c"
"1582","SPBC3E7.06c"
"1583","SPBC3E7.07c"
"1584","SPBC3E7.10"
"1585","SPBC3E7.11c"
"1586","SPBC3E7.13c"
"1587","SPBC3E7.14"
"1588","SPBC3E7.15c"
"1589","SPBC3E7.16c"
"1590","SPBC3F6.01c"
"1591","SPBC3F6.02c"
"1592","SPBC3F6.03"
"1593","SPBC3F6.04c"
"1594","SPBC3F6.05"
"1595","SPBC3H7.01"
"1596","SPBC3H7.05c"
"1597","SPBC3H7.07c"
"1598","SPBC3H7.11"
"1599","SPBC3H7.15"
"1600","SPBC4.02c"
"1601","SPBC4.03c"
"1602","SPBC4.04c"
"1603","SPBC4.05"
"1604","SPBC4.07c"
"1605","SPBC405.01"
"1606","SPBC405.04c"
"1607","SPBC409.05"
"1608","SPBC409.06"
"1609","SPBC409.07c"
"1610","SPBC409.10"
"1611","SPBC409.13"
"1612","SPBC409.15"
"1613","SPBC409.18"
"1614","SPBC409.20c"
"1615","SPBC409.21"
"1616","SPBC418.01c"
"1617","SPBC428.01c"
"1618","SPBC428.02c"
"1619","SPBC428.03c"
"1620","SPBC428.04"
"1621","SPBC428.05c"
"1622","SPBC428.11"
"1623","SPBC428.14"
"1624","SPBC428.15"
"1625","SPBC428.16c"
"1626","SPBC428.19c"
"1627","SPBC460.02c"
"1628","SPBC460.05"
"1629","SPBC4B4.01c"
"1630","SPBC4B4.02c"
"1631","SPBC4B4.03"
"1632","SPBC4B4.04"
"1633","SPBC4B4.07c"
"1634","SPBC4B4.08"
"1635","SPBC4B4.09"
"1636","SPBC4C3.03"
"1637","SPBC4C3.05c"
"1638","SPBC4C3.06"
"1639","SPBC4C3.07"
"1640","SPBC4C3.10c"
"1641","SPBC4F6.04"
"1642","SPBC4F6.05c"
"1643","SPBC4F6.10"
"1644","SPBC4F6.13c"
"1645","SPBC4F6.14"
"1646","SPBC4F6.16c"
"1647","SPBC4F6.17c"
"1648","SPBC4F6.18c"
"1649","SPBC530.03c"
"1650","SPBC530.07c"
"1651","SPBC530.10c"
"1652","SPBC530.11c"
"1653","SPBC530.12c"
"1654","SPBC543.02c"
"1655","SPBC543.06c"
"1656","SPBC543.07"
"1657","SPBC543.08"
"1658","SPBC543.09"
"1659","SPBC543.10"
"1660","SPBC557.02c"
"1661","SPBC557.03c"
"1662","SPBC557.04"
"1663","SPBC56F2.02"
"1664","SPBC56F2.04"
"1665","SPBC56F2.08c"
"1666","SPBC56F2.10c"
"1667","SPBC56F2.11"
"1668","SPBC56F2.14"
"1669","SPBC56F2.15"
"1670","SPBC577.02"
"1671","SPBC577.03c"
"1672","SPBC577.04"
"1673","SPBC577.06c"
"1674","SPBC577.08c"
"1675","SPBC577.10"
"1676","SPBC577.12"
"1677","SPBC577.15c"
"1678","SPBC582.03"
"1679","SPBC582.07c"
"1680","SPBC582.08"
"1681","SPBC582.09"
"1682","SPBC609.05"
"1683","SPBC646.02"
"1684","SPBC646.04"
"1685","SPBC646.05c"
"1686","SPBC646.07c"
"1687","SPBC646.08c"
"1688","SPBC646.09c"
"1689","SPBC646.10c"
"1690","SPBC646.11"
"1691","SPBC646.12c"
"1692","SPBC646.13"
"1693","SPBC646.15c"
"1694","SPBC646.16"
"1695","SPBC649.02"
"1696","SPBC651.01c"
"1697","SPBC651.06"
"1698","SPBC651.08c"
"1699","SPBC651.09c"
"1700","SPBC651.11c"
"1701","SPBC660.07"
"1702","SPBC660.11"
"1703","SPBC660.12c"
"1704","SPBC660.13c"
"1705","SPBC660.15"
"1706","SPBC685.06"
"1707","SPBC685.07c"
"1708","SPBC691.02c"
"1709","SPBC691.03c"
"1710","SPBC691.04"
"1711","SPBC691.05c"
"1712","SPBC6B1.02"
"1713","SPBC6B1.06c"
"1714","SPBC6B1.07"
"1715","SPBC6B1.08c"
"1716","SPBC6B1.10"
"1717","SPBC713.02c"
"1718","SPBC713.03"
"1719","SPBC713.04c"
"1720","SPBC713.07c"
"1721","SPBC713.09"
"1722","SPBC713.10"
"1723","SPBC725.01"
"1724","SPBC725.03"
"1725","SPBC725.04"
"1726","SPBC725.08"
"1727","SPBC725.09c"
"1728","SPBC725.15"
"1729","SPBC776.02c"
"1730","SPBC776.03"
"1731","SPBC776.04"
"1732","SPBC776.05"
"1733","SPBC776.07"
"1734","SPBC776.08c"
"1735","SPBC776.09"
"1736","SPBC776.10c"
"1737","SPBC776.11"
"1738","SPBC776.14"
"1739","SPBC776.15c"
"1740","SPBC800.04c"
"1741","SPBC800.05c"
"1742","SPBC800.06"
"1743","SPBC800.07c"
"1744","SPBC800.08"
"1745","SPBC800.09"
"1746","SPBC800.10c"
"1747","SPBC800.12c"
"1748","SPBC83.01"
"1749","SPBC83.05"
"1750","SPBC83.08"
"1751","SPBC83.14c"
"1752","SPBC83.15"
"1753","SPBC83.17"
"1754","SPBC839.03c"
"1755","SPBC839.05c"
"1756","SPBC839.10"
"1757","SPBC839.12"
"1758","SPBC839.13c"
"1759","SPBC839.16"
"1760","SPBC839.17c"
"1761","SPBC887.01"
"1762","SPBC887.04c"
"1763","SPBC887.07"
"1764","SPBC887.10"
"1765","SPBC887.12"
"1766","SPBC887.15c"
"1767","SPBC887.17"
"1768","SPBC887.18c"
"1769","SPBC887.22"
"1770","SPBC8D2.01"
"1771","SPBC8D2.06"
"1772","SPBC8D2.10c"
"1773","SPBC8D2.12c"
"1774","SPBC8D2.15"
"1775","SPBC8D2.17"
"1776","SPBC8D2.18c"
"1777","SPBC8D2.20c"
"1778","SPBC8E4.01c"
"1779","SPBC8E4.04"
"1780","SPBC902.04"
"1781","SPBC902.05c"
"1782","SPBC947.02"
"1783","SPBC947.03c"
"1784","SPBC947.04"
"1785","SPBC947.15c"
"1786","SPBC9B6.04c"
"1787","SPBC9B6.05c"
"1788","SPBC9B6.07"
"1789","SPBC9B6.08"
"1790","SPBC9B6.09c"
"1791","SPBC9B6.10"
"1792","SPBC9B6.11c"
"1793","SPBP16F5.05c"
"1794","SPBP16F5.07"
"1795","SPBP16F5.08c"
"1796","SPBP18G5.02"
"1797","SPBP18G5.03"
"1798","SPBP19A11.01"
"1799","SPBP19A11.03c"
"1800","SPBP22H7.02c"
"1801","SPBP22H7.07"
"1802","SPBP22H7.08"
"1803","SPBP23A10.02"
"1804","SPBP23A10.03c"
"1805","SPBP23A10.05"
"1806","SPBP23A10.07"
"1807","SPBP23A10.08"
"1808","SPBP23A10.11c"
"1809","SPBP23A10.14c"
"1810","SPBP23A10.15c"
"1811","SPBP23A10.16"
"1812","SPBP35G2.07"
"1813","SPBP35G2.14"
"1814","SPBP4G3.02"
"1815","SPBP4H10.04"
"1816","SPBP4H10.05c"
"1817","SPBP4H10.06c"
"1818","SPBP4H10.11c"
"1819","SPBP4H10.12"
"1820","SPBP4H10.13"
"1821","SPBP4H10.15"
"1822","SPBP4H10.17c"
"1823","SPBP4H10.18c"
"1824","SPBP4H10.20"
"1825","SPBP8B7.05c"
"1826","SPBP8B7.06"
"1827","SPBP8B7.08c"
"1828","SPBP8B7.09c"
"1829","SPBP8B7.11"
"1830","SPBP8B7.15c"
"1831","SPBP8B7.16c"
"1832","SPBP8B7.17c"
"1833","SPBP8B7.18c"
"1834","SPBP8B7.19"
"1835","SPBP8B7.20c"
"1836","SPBP8B7.21"
"1837","SPBP8B7.25"
"1838","SPBP8B7.26"
"1839","SPBP8B7.29"
"1840","SPBP8B7.31"
"1841","SPBPB21E7.04c"
"1842","SPBPB2B2.09c"
"1843","SPBPB7E8.02"
"1844","SPBPJ4664.04"
"1845","SPBPJ4664.05"
"1846","SPBPJ4664.06"
"1847","SPCC1020.01c"
"1848","SPCC1020.04c"
"1849","SPCC1020.06c"
"1850","SPCC1020.07"
"1851","SPCC1020.08"
"1852","SPCC10H11.01"
"1853","SPCC1183.01"
"1854","SPCC1183.02"
"1855","SPCC1183.03c"
"1856","SPCC1183.07"
"1857","SPCC1183.08c"
"1858","SPCC1183.11"
"1859","SPCC11E10.01"
"1860","SPCC11E10.05c"
"1861","SPCC11E10.07c"
"1862","SPCC1223.03c"
"1863","SPCC1223.05c"
"1864","SPCC1223.07c"
"1865","SPCC1223.08c"
"1866","SPCC1223.09"
"1867","SPCC1223.11"
"1868","SPCC1223.14"
"1869","SPCC1235.01"
"1870","SPCC1235.02"
"1871","SPCC1235.04c"
"1872","SPCC1235.05c"
"1873","SPCC1235.06"
"1874","SPCC1235.11"
"1875","SPCC1235.12c"
"1876","SPCC1235.14"
"1877","SPCC1235.15"
"1878","SPCC1259.02c"
"1879","SPCC1259.03"
"1880","SPCC1259.05c"
"1881","SPCC1259.07"
"1882","SPCC1259.09c"
"1883","SPCC1259.11c"
"1884","SPCC1259.15c"
"1885","SPCC126.03"
"1886","SPCC126.05c"
"1887","SPCC126.08c"
"1888","SPCC126.10"
"1889","SPCC126.11c"
"1890","SPCC126.12"
"1891","SPCC126.15c"
"1892","SPCC1281.01"
"1893","SPCC1281.03c"
"1894","SPCC1281.05"
"1895","SPCC1281.06c"
"1896","SPCC1281.07c"
"1897","SPCC132.01c"
"1898","SPCC132.04c"
"1899","SPCC1322.05c"
"1900","SPCC1322.06"
"1901","SPCC1322.08"
"1902","SPCC1322.09"
"1903","SPCC1322.14c"
"1904","SPCC1322.16"
"1905","SPCC1393.03"
"1906","SPCC1393.09c"
"1907","SPCC1393.13"
"1908","SPCC13B11.01"
"1909","SPCC1442.04c"
"1910","SPCC1442.05c"
"1911","SPCC1442.06"
"1912","SPCC1442.08c"
"1913","SPCC1442.09"
"1914","SPCC1442.10c"
"1915","SPCC1442.14c"
"1916","SPCC1442.16c"
"1917","SPCC1450.02"
"1918","SPCC1450.04"
"1919","SPCC1450.12"
"1920","SPCC1450.13c"
"1921","SPCC1450.14c"
"1922","SPCC1450.15"
"1923","SPCC1494.04c"
"1924","SPCC1494.05c"
"1925","SPCC1494.06c"
"1926","SPCC1494.07"
"1927","SPCC14G10.01"
"1928","SPCC14G10.02"
"1929","SPCC14G10.04"
"1930","SPCC162.02c"
"1931","SPCC162.03"
"1932","SPCC162.05"
"1933","SPCC162.06c"
"1934","SPCC162.07"
"1935","SPCC162.08c"
"1936","SPCC162.09c"
"1937","SPCC162.11c"
"1938","SPCC162.12"
"1939","SPCC1620.01c"
"1940","SPCC1620.06c"
"1941","SPCC1620.08"
"1942","SPCC1620.09c"
"1943","SPCC1620.11"
"1944","SPCC1620.12c"
"1945","SPCC1672.02c"
"1946","SPCC1672.03c"
"1947","SPCC1672.05c"
"1948","SPCC1672.06c"
"1949","SPCC1672.07"
"1950","SPCC1672.10"
"1951","SPCC1672.11c"
"1952","SPCC1682.01"
"1953","SPCC1682.02c"
"1954","SPCC1682.05c"
"1955","SPCC1682.09c"
"1956","SPCC1682.10"
"1957","SPCC1682.14"
"1958","SPCC1682.16"
"1959","SPCC16A11.02"
"1960","SPCC16A11.03c"
"1961","SPCC16A11.05c"
"1962","SPCC16A11.07"
"1963","SPCC16A11.10c"
"1964","SPCC16A11.16c"
"1965","SPCC16A11.17"
"1966","SPCC16C4.01"
"1967","SPCC16C4.03"
"1968","SPCC16C4.08c"
"1969","SPCC16C4.09"
"1970","SPCC16C4.10"
"1971","SPCC16C4.11"
"1972","SPCC16C4.12"
"1973","SPCC16C4.13c"
"1974","SPCC16C4.15"
"1975","SPCC16C4.18c"
"1976","SPCC1739.01"
"1977","SPCC1739.02c"
"1978","SPCC1739.04c"
"1979","SPCC1739.06c"
"1980","SPCC1739.07"
"1981","SPCC1739.08c"
"1982","SPCC1739.09c"
"1983","SPCC1739.10"
"1984","SPCC1739.12"
"1985","SPCC1739.14"
"1986","SPCC1753.01c"
"1987","SPCC1753.04"
"1988","SPCC1795.02c"
"1989","SPCC1795.04c"
"1990","SPCC1795.05c"
"1991","SPCC1795.07"
"1992","SPCC1795.10c"
"1993","SPCC1795.11"
"1994","SPCC18.03"
"1995","SPCC18.05c"
"1996","SPCC18.09c"
"1997","SPCC18.11c"
"1998","SPCC18.12c"
"1999","SPCC18.13"
"2000","SPCC18.14c"
"2001","SPCC18.15"
"2002","SPCC18.16c"
"2003","SPCC18.17c"
"2004","SPCC18.18c"
"2005","SPCC1827.01c"
"2006","SPCC1827.02c"
"2007","SPCC1827.05c"
"2008","SPCC1827.06c"
"2009","SPCC1840.01c"
"2010","SPCC1840.02c"
"2011","SPCC1840.03"
"2012","SPCC1840.04"
"2013","SPCC1840.05c"
"2014","SPCC1840.06"
"2015","SPCC1840.07c"
"2016","SPCC1840.08c"
"2017","SPCC1840.09"
"2018","SPCC1840.10"
"2019","SPCC188.02"
"2020","SPCC188.03"
"2021","SPCC188.06c"
"2022","SPCC188.07"
"2023","SPCC188.08c"
"2024","SPCC188.11"
"2025","SPCC18B5.01c"
"2026","SPCC18B5.05c"
"2027","SPCC18B5.06"
"2028","SPCC18B5.07c"
"2029","SPCC1902.01"
"2030","SPCC1902.02"
"2031","SPCC191.01"
"2032","SPCC191.02c"
"2033","SPCC191.07"
"2034","SPCC1919.02"
"2035","SPCC1919.03c"
"2036","SPCC1919.05"
"2037","SPCC1919.09"
"2038","SPCC1919.10c"
"2039","SPCC1919.15"
"2040","SPCC23B6.01c"
"2041","SPCC23B6.04c"
"2042","SPCC24B10.04"
"2043","SPCC24B10.05"
"2044","SPCC24B10.07"
"2045","SPCC24B10.09"
"2046","SPCC24B10.12"
"2047","SPCC24B10.16c"
"2048","SPCC24B10.17"
"2049","SPCC285.03"
"2050","SPCC285.04"
"2051","SPCC285.08"
"2052","SPCC285.11"
"2053","SPCC285.12"
"2054","SPCC285.13c"
"2055","SPCC285.16c"
"2056","SPCC285.17"
"2057","SPCC290.03c"
"2058","SPCC306.02c"
"2059","SPCC306.03c"
"2060","SPCC306.05c"
"2061","SPCC306.06c"
"2062","SPCC306.08c"
"2063","SPCC306.09c"
"2064","SPCC31H12.03c"
"2065","SPCC31H12.05c"
"2066","SPCC31H12.07"
"2067","SPCC31H12.08c"
"2068","SPCC320.05"
"2069","SPCC320.10"
"2070","SPCC320.11c"
"2071","SPCC330.04c"
"2072","SPCC330.05c"
"2073","SPCC330.06c"
"2074","SPCC330.08"
"2075","SPCC330.09"
"2076","SPCC330.13"
"2077","SPCC330.14c"
"2078","SPCC338.04"
"2079","SPCC338.05c"
"2080","SPCC338.06c"
"2081","SPCC338.07c"
"2082","SPCC338.10c"
"2083","SPCC338.12"
"2084","SPCC338.14"
"2085","SPCC338.15"
"2086","SPCC364.04c"
"2087","SPCC364.06"
"2088","SPCC364.07"
"2089","SPCC417.05c"
"2090","SPCC417.08"
"2091","SPCC417.16"
"2092","SPCC4B3.03c"
"2093","SPCC4B3.05c"
"2094","SPCC4B3.06c"
"2095","SPCC4B3.07"
"2096","SPCC4B3.08"
"2097","SPCC4B3.14"
"2098","SPCC4B3.16"
"2099","SPCC4B3.18"
"2100","SPCC4F11.02"
"2101","SPCC4G3.02"
"2102","SPCC4G3.04c"
"2103","SPCC4G3.06c"
"2104","SPCC4G3.11"
"2105","SPCC4G3.14"
"2106","SPCC4G3.15c"
"2107","SPCC4G3.17"
"2108","SPCC4G3.18"
"2109","SPCC548.04"
"2110","SPCC548.06c"
"2111","SPCC550.03c"
"2112","SPCC550.06c"
"2113","SPCC550.09"
"2114","SPCC550.11"
"2115","SPCC550.14"
"2116","SPCC550.15c"
"2117","SPCC553.02"
"2118","SPCC553.06"
"2119","SPCC553.08c"
"2120","SPCC553.09c"
"2121","SPCC553.11c"
"2122","SPCC569.07"
"2123","SPCC569.08c"
"2124","SPCC576.03c"
"2125","SPCC576.07"
"2126","SPCC576.08c"
"2127","SPCC576.09"
"2128","SPCC576.10c"
"2129","SPCC576.11"
"2130","SPCC576.13"
"2131","SPCC576.14"
"2132","SPCC584.01c"
"2133","SPCC584.04"
"2134","SPCC584.05"
"2135","SPCC584.11c"
"2136","SPCC594.01"
"2137","SPCC594.02c"
"2138","SPCC5E4.03c"
"2139","SPCC5E4.05c"
"2140","SPCC5E4.07"
"2141","SPCC61.03"
"2142","SPCC613.03"
"2143","SPCC613.04c"
"2144","SPCC613.05c"
"2145","SPCC613.06"
"2146","SPCC613.07"
"2147","SPCC613.08"
"2148","SPCC613.09"
"2149","SPCC613.10"
"2150","SPCC622.12c"
"2151","SPCC622.14"
"2152","SPCC622.18"
"2153","SPCC63.05"
"2154","SPCC63.06"
"2155","SPCC63.12c"
"2156","SPCC63.14"
"2157","SPCC645.07"
"2158","SPCC645.08c"
"2159","SPCC645.10"
"2160","SPCC645.14c"
"2161","SPCC663.01c"
"2162","SPCC663.02"
"2163","SPCC663.03"
"2164","SPCC663.06c"
"2165","SPCC663.08c"
"2166","SPCC663.09c"
"2167","SPCC663.13c"
"2168","SPCC663.15c"
"2169","SPCC70.02c"
"2170","SPCC70.03c"
"2171","SPCC70.05c"
"2172","SPCC70.07c"
"2173","SPCC70.08c"
"2174","SPCC736.04c"
"2175","SPCC736.08"
"2176","SPCC736.10c"
"2177","SPCC736.12c"
"2178","SPCC736.13"
"2179","SPCC736.14"
"2180","SPCC736.15"
"2181","SPCC737.02c"
"2182","SPCC737.06c"
"2183","SPCC737.07c"
"2184","SPCC737.08"
"2185","SPCC737.09c"
"2186","SPCC74.01"
"2187","SPCC74.03c"
"2188","SPCC74.05"
"2189","SPCC757.08"
"2190","SPCC757.09c"
"2191","SPCC757.12"
"2192","SPCC757.15"
"2193","SPCC777.05"
"2194","SPCC777.09c"
"2195","SPCC777.12c"
"2196","SPCC777.13"
"2197","SPCC794.03"
"2198","SPCC794.07"
"2199","SPCC794.08"
"2200","SPCC794.10"
"2201","SPCC794.11c"
"2202","SPCC794.12c"
"2203","SPCC825.01"
"2204","SPCC825.02"
"2205","SPCC825.03c"
"2206","SPCC830.03"
"2207","SPCC830.08c"
"2208","SPCC830.10"
"2209","SPCC830.11c"
"2210","SPCC895.06"
"2211","SPCC895.07"
"2212","SPCC895.09c"
"2213","SPCC962.01"
"2214","SPCC962.03c"
"2215","SPCC962.04"
"2216","SPCC962.06c"
"2217","SPCC965.03"
"2218","SPCC965.04c"
"2219","SPCC965.06"
"2220","SPCC965.07c"
"2221","SPCC965.12"
"2222","SPCC965.13"
"2223","SPCC970.03"
"2224","SPCC970.05"
"2225","SPCC970.08"
"2226","SPCC970.09"
"2227","SPCC970.10c"
"2228","SPCP1E11.02"
"2229","SPCP1E11.05c"
"2230","SPCP1E11.06"
"2231","SPCP1E11.08"
"2232","SPCP1E11.10"
"2233","SPCP1E11.11"
"2234","SPCP31B10.04"
"2235","SPCP31B10.06"
"2236","SPCP31B10.07"
"2237","SPCP31B10.08c"
"2238","SPCPB16A4.03c"
"2239","SPCPB16A4.05c"
"2240","SPCPB16A4.07"
"2241","SPCPJ732.02c"
"2242","SPMIT.08"
"2243","SPMIT.09"
"2244","SPMIT.11"
